<?xml version="1.0" encoding="UTF-8"?>
<root>
  <application>
    <name>VesselCoefficients</name>
    <description>Data set 'PMM_Model_Nov2015' for ship Elongated R/V GUNNERUS</description>
    <string>
      <name>ship_name</name>
      <description>Ship name</description>
      <text>Elongated R/V GUNNERUS</text>
    </string>
    <string>
      <name>loading_condition_description</name>
      <description>Loading condition description</description>
      <text>Normal Operative</text>
    </string>
    <scalar>
      <name>ship_lpp</name>
      <description>Ship length between perpendiculars (Lpp)</description>
      <data>33.90</data>
      <unit>m</unit>
    </scalar>
    <scalar>
      <name>ship_loa</name>
      <description>Ship length over all (Loa)</description>
      <data>36.75</data>
      <unit>m</unit>
    </scalar>
    <scalar>
      <name>ship_lwl</name>
      <description>Ship length of waterline (Lwl)</description>
      <data>35.319</data>
      <unit>m</unit>
    </scalar>
    <scalar>
      <name>ship_boa</name>
      <description>Ship breadth over all (Boa)</description>
      <data>9.60</data>
      <unit>m</unit>
    </scalar>
    <scalar>
      <name>ship_draught_at_amidships</name>
      <description>Ship loaded draught at amidships (T)</description>
      <data>2.600</data>
      <unit>m</unit>
    </scalar>
    <scalar>
      <name>ship_aft_trim</name>
      <description>Ship aft trim (t)</description>
      <data>0.300</data>
      <unit>m</unit>
    </scalar>
    <scalar>
      <name>ship_displacement</name>
      <description>Ship displacement</description>
      <data>493.472</data>
      <unit>t</unit>
    </scalar>
    <scalar>
      <name>block_coefficient</name>
      <description>Block coefficient</description>
      <data>0.5661</data>
      <unit>-</unit>
    </scalar>
    <scalar>
      <name>waterplane_area</name>
      <description>Waterplane area</description>
      <data>274.228</data>
      <unit>m2</unit>
    </scalar>
    <scalar>
      <name>bilge_radius</name>
      <description>Bilge radius</description>
      <data>0.00</data>
      <unit>m</unit>
    </scalar>
    <scalar>
      <name>rake_of_keel</name>
      <description>Rake of keel</description>
      <data>1.00</data>
      <unit>m</unit>
    </scalar>
    <scalar>
      <name>Vertical_centre_of_buoyancy</name>
      <description>Vertical centre of buoyancy (rel. BL, pos. up)</description>
      <data>1.591</data>
      <unit>m</unit>
    </scalar>
    <scalar>
      <name>ship_side_projection_area</name>
      <description>Side projected area</description>
      <data>172.00</data>
      <unit>m2</unit>
    </scalar>
    <scalar>
      <name>ship_front_projection_area</name>
      <description>Front projected area</description>
      <data>81.00</data>
      <unit>m2</unit>
    </scalar>
    <vector>
      <name>ship_windcoeff_surge_vector</name>
      <description>Wind coefficients in surge</description>
      <data>
        <r>-0.53</r>
        <r>-0.59</r>
        <r>-0.65</r>
        <r>-0.59</r>
        <r>-0.51</r>
        <r>-0.47</r>
        <r>-0.4</r>
        <r>-0.29</r>
        <r>-0.2</r>
        <r>-0.18</r>
        <r>-0.14</r>
        <r>-0.05</r>
        <r>0.12</r>
        <r>0.37</r>
        <r>0.61</r>
        <r>0.82</r>
        <r>0.86</r>
        <r>0.72</r>
        <r>0.62</r>
      </data>
    </vector>
    <vector>
      <name>ship_windcoeff_sway_vector</name>
      <description>Wind coefficients in sway</description>
      <data>
        <r>0</r>
        <r>0.22</r>
        <r>0.42</r>
        <r>0.66</r>
        <r>0.83</r>
        <r>0.9</r>
        <r>0.88</r>
        <r>0.87</r>
        <r>0.86</r>
        <r>0.85</r>
        <r>0.83</r>
        <r>0.82</r>
        <r>0.81</r>
        <r>0.73</r>
        <r>0.58</r>
        <r>0.46</r>
        <r>0.26</r>
        <r>0.09</r>
        <r>0</r>
      </data>
    </vector>
    <vector>
      <name>ship_windcoeff_yaw_vector</name>
      <description>Wind coefficients in yaw</description>
      <data>
        <r>0</r>
        <r>0.05</r>
        <r>0.1</r>
        <r>0.135</r>
        <r>0.149</r>
        <r>0.148</r>
        <r>0.114</r>
        <r>0.093</r>
        <r>0.075</r>
        <r>0.04</r>
        <r>0.02</r>
        <r>-0.013</r>
        <r>-0.035</r>
        <r>-0.041</r>
        <r>-0.045</r>
        <r>-0.04</r>
        <r>-0.029</r>
        <r>-0.014</r>
        <r>0</r>
      </data>
    </vector>
    <vector>
      <name>ship_windcoeff_roll_vector</name>
      <description>Wind coefficients in roll</description>
      <data>
        <r>0</r>
        <r>0.216</r>
        <r>0.384</r>
        <r>0.613</r>
        <r>0.768</r>
        <r>0.821</r>
        <r>0.787</r>
        <r>0.759</r>
        <r>0.765</r>
        <r>0.737</r>
        <r>0.709</r>
        <r>0.695</r>
        <r>0.688</r>
        <r>0.633</r>
        <r>0.517</r>
        <r>0.408</r>
        <r>0.211</r>
        <r>0.082</r>
        <r>0</r>
      </data>
    </vector>
  </application>
</root>

